<?xml version="1.0" encoding="UTF-8"?>
<project-private xmlns="http://www.netbeans.org/ns/project-private/1">
    <editor-bookmarks xmlns="http://www.netbeans.org/ns/editor-bookmarks/2" lastBookmarkId="0"/>
    <open-files xmlns="http://www.netbeans.org/ns/projectui-open-files/2">
        <group>
            <file>file:/D:/Code%20block/JAVA/file%20code/CMU_CS%20246%20BIS_TEAM%202_%20CODE/src/appproject1/Multiplication.java</file>
            <file>file:/D:/Code%20block/JAVA/file%20code/CMU_CS%20246%20BIS_TEAM%202_%20CODE/src/appproject1/Menu.java</file>
            <file>file:/D:/Code%20block/JAVA/file%20code/CMU_CS%20246%20BIS_TEAM%202_%20CODE/src/appproject1/Division_with_remainder.java</file>
            <file>file:/D:/Code%20block/JAVA/file%20code/CMU_CS%20246%20BIS_TEAM%202_%20CODE/src/appproject1/Division.java</file>
            <file>file:/D:/Code%20block/JAVA/file%20code/CMU_CS%20246%20BIS_TEAM%202_%20CODE/src/appproject1/Addition.java</file>
        </group>
    </open-files>
</project-private>
